id,name,title,department,count,latest,earliest
33,iZA,Yun,coc,2,1970-01-26T00:27:49,1970-01-04T11:47:38
32,JTh,8Kn,5i9,4,1970-02-07T10:30:04,1970-01-02T05:42:26
44,RrC,7ik,Uv8,4,1970-02-07T21:07:53,1970-01-06T11:44:58
54,dKP,nz6,Gig,4,1970-02-21T15:20:08,1970-01-22T06:18:30
21,fSA,GHX,DXv,5,1970-02-20T03:03:29,1970-01-20T12:49:45
67,FtG,vFv,avi,5,1970-02-20T07:52:44,1970-01-03T10:20:59
79,ykl,PrA,r24,5,1970-02-22T12:39:15,1970-01-25T05:25:33
3,Fqn,SRU,55b,6,1970-02-24T22:02:07,1970-01-16T09:01:04
23,2r7,GlZ,kIM,6,1970-02-25T02:11:36,1970-01-08T12:46:49
26,iQX,oAn,eok,6,1970-02-26T04:43:23,1970-01-04T22:04:20
41,wLm,wmQ,o0I,6,1970-02-21T21:31:22,1970-01-08T15:36:51
58,Kt3,X5x,zUF,6,1970-02-02T11:37:34,1970-01-10T07:49:56
78,Ufa,kjM,fzE,6,1970-02-24T11:46:57,1970-01-01T22:37:47
83,PDI,SaN,nLX,6,1970-02-17T13:19:22,1970-01-04T07:27:40
12,kIE,3Mi,Z1K,7,1970-02-26T19:07:55,1970-01-04T00:02:49
35,XQ3,L4f,hrT,7,1970-02-25T00:07:25,1970-01-21T02:53:33
40,YTf,dCz,8ZW,7,1970-02-18T07:20:11,1970-01-01T18:35:21
43,dvN,Xsr,YII,7,1970-02-23T00:50:41,1970-01-17T22:54:04
47,m6t,weZ,Hya,7,1970-02-15T23:57:48,1970-01-10T01:22:39
48,0EX,IMW,s1o,7,1970-02-25T19:03:10,1970-01-21T20:16:07
15,M8e,4jI,hmF,8,1970-02-21T13:06:02,1970-01-12T12:41:02
24,JiF,ZcJ,4eb,8,1970-02-23T22:47:24,1970-01-06T04:47:32
28,ygA,k6Y,XNv,8,1970-02-26T16:37:10,1970-01-13T02:16:40
31,A2T,y5n,zZv,8,1970-02-25T15:48:32,1970-01-06T17:03:15
38,mEm,hqT,IMp,8,1970-02-24T07:28:58,1970-01-05T18:51:18
39,A9s,Bj4,1px,8,1970-02-24T09:37:55,1970-01-02T06:42:07
46,z70,IOD,9o7,8,1970-02-22T11:59:21,1970-01-15T04:32:59
51,AIA,n2m,SB1,8,1970-02-26T21:04:05,1970-01-09T19:49:34
53,AXE,tFs,xtk,8,1970-02-26T12:24:25,1970-01-14T20:23:43
81,kK2,7KQ,jIb,8,1970-02-24T12:54:19,1970-01-03T12:35:50
89,TQK,B5X,3RQ,8,1970-02-15T13:33:20,1970-01-01T17:26:50
6,j2J,f83,Cy4,9,1970-02-25T21:22:56,1970-01-08T10:06:53
13,Mpe,crb,ho1,9,1970-02-09T12:45:54,1970-01-05T14:39:39
17,Kbg,HJi,GDb,9,1970-02-16T19:29:54,1970-01-02T04:49:38
25,Bbk,C2m,GhU,9,1970-02-25T12:33:29,1970-01-02T13:08:40
30,CPq,t0X,jkV,9,1970-02-25T16:58:25,1970-01-03T04:07:25
45,zuE,rC4,vyN,9,1970-02-25T23:41:09,1970-01-02T18:36:56
63,gVf,0F8,YCP,9,1970-02-26T09:44:42,1970-01-04T08:29:05
70,GLs,PmV,A10,9,1970-02-26T06:25:17,1970-01-03T20:18:57
73,6SC,13E,XVO,9,1970-02-26T15:45:02,1970-01-08T19:21:24
94,ubE,qLi,19p,9,1970-02-26T08:41:23,1970-01-04T04:02:32
1,63y,Aej,AB4,10,1970-02-21T17:12:33,1970-01-07T06:03:42
7,xil,4Qi,ew9,10,1970-02-21T22:22:08,1970-01-05T13:08:07
16,2MW,y59,xRd,10,1970-02-26T17:33:28,1970-01-02T16:32:33
29,BP3,2qy,la6,10,1970-02-21T06:12:11,1970-01-08T03:34:29
37,u4a,9V1,FEg,10,1970-02-10T15:21:52,1970-01-01T20:48:37
59,IAC,PAj,fjS,10,1970-02-26T02:52:22,1970-01-05T22:27:25
61,XMM,qur,cT9,10,1970-02-11T05:42:48,1970-01-04T08:03:38
68,IxC,FZQ,mbJ,10,1970-02-26T03:34:52,1970-01-10T16:01:57
74,hac,jrl,3wT,10,1970-02-19T23:09:10,1970-01-05T10:40:27
82,qdv,9eG,O17,10,1970-02-24T19:18:43,1970-01-08T11:59:09
87,mSB,C1n,XuL,10,1970-02-18T11:45:02,1970-01-04T04:01:23
95,jLj,k8F,Ek5,10,1970-02-25T00:09:14,1970-01-09T01:37:03
97,ZGg,tOq,nAW,10,1970-02-09T14:15:25,1970-01-07T07:53:54
2,387,Bp2,Im2,11,1970-02-26T14:45:37,1970-01-01T11:27:46
4,DnD,tVD,QDK,11,1970-02-22T22:10:54,1970-01-08T08:54:11
5,oaQ,XO9,xdv,11,1970-02-26T14:51:02,1970-01-05T08:28:31
18,1WU,a6k,Xqg,11,1970-02-24T17:12:06,1970-01-02T11:47:13
19,v9a,Sj1,tja,11,1970-02-18T01:46:44,1970-01-06T14:01:28
20,xTM,BoM,TiE,11,1970-02-25T07:42:25,1970-01-03T04:43:58
42,7ai,tPw,nqt,11,1970-02-13T20:45:31,1970-01-01T16:00:52
69,Act,gU1,Bih,11,1970-02-20T21:20:48,1970-01-04T16:46:34
77,rAz,n2V,b3I,11,1970-02-25T11:30:41,1970-01-07T04:10:48
88,b4o,y7Q,elq,11,1970-02-20T09:00:36,1970-01-01T16:25:02
90,yAv,kXf,kYU,11,1970-02-24T10:57:36,1970-01-04T05:07:00
96,73a,n9B,fGE,11,1970-02-24T21:05:15,1970-01-02T20:46:54
98,HI8,nd0,4om,11,1970-02-22T13:41:10,1970-01-01T22:57:16
8,zs0,MK3,n67,12,1970-02-22T13:02:35,1970-01-01T11:13:14
9,Bhx,KLe,jrI,12,1970-02-25T19:36:22,1970-01-04T19:30:05
22,qnJ,t9n,dM1,12,1970-02-24T14:24:18,1970-01-02T14:57:06
50,9g8,Cpp,boe,12,1970-02-25T16:48:59,1970-01-04T09:46:23
62,0dp,lDm,h7t,12,1970-02-23T20:46:18,1970-01-11T12:00:42
66,14Q,J6r,XKU,12,1970-02-24T11:16:18,1970-01-03T05:59:55
75,x9C,kB5,g1J,12,1970-02-21T01:27:43,1970-01-06T01:07:41
85,d2Y,QVV,sWL,12,1970-02-23T17:30:18,1970-01-04T01:22:58
93,nHa,NSw,2Q0,12,1970-02-19T02:05:56,1970-01-03T17:15:39
11,dOv,9av,iqm,13,1970-02-21T22:42:35,1970-01-13T10:17:57
14,giK,Mp3,4fA,13,1970-02-21T17:02:25,1970-01-03T14:09:46
27,s4V,yq3,HxB,13,1970-02-18T00:30:16,1970-01-01T12:58:03
36,7MO,gCd,3VC,13,1970-02-20T11:24:07,1970-01-02T06:54:41
49,1Qe,abE,LjI,13,1970-02-24T00:53:49,1970-01-04T10:17:25
71,cKb,5Gt,Cp6,13,1970-02-17T22:09:52,1970-01-08T12:40:36
72,flq,RHM,wcx,13,1970-02-20T20:54:50,1970-01-16T13:57:33
76,2dc,t8J,1Zu,13,1970-02-26T00:17:48,1970-01-13T03:30:05
10,xgQ,OO2,0qy,14,1970-02-24T06:21:25,1970-01-02T11:32:23
34,CSG,RkV,rPh,14,1970-02-20T17:57:42,1970-01-05T17:01:29
60,3ZE,keE,LSu,14,1970-02-26T06:20:09,1970-01-02T01:22:38
84,852,SNZ,G0t,14,1970-02-26T01:13:43,1970-01-01T11:29:34
86,xYN,E9V,gpr,14,1970-02-26T23:23:54,1970-01-06T09:41:32
91,exF,e2h,kK2,14,1970-02-11T15:05:53,1970-01-05T18:39:02
52,0P8,vyn,uBA,15,1970-02-25T21:15:18,1970-01-09T09:06:23
55,NoB,slv,YJi,15,1970-02-25T17:49:00,1970-01-03T21:36:56
56,H3v,oAe,M0h,15,1970-02-26T16:14:52,1970-01-07T10:07:41
57,gIT,DZy,8Tw,15,1970-02-23T05:21:19,1970-01-02T03:39:44
65,KS3,9Ad,g4g,15,1970-02-22T22:46:16,1970-01-07T07:34:31
99,kLO,Tfd,vJp,15,1970-02-26T10:21:05,1970-01-02T23:25:31
64,gaK,HRK,17n,16,1970-02-16T04:38:51,1970-01-01T10:12:53
92,gKw,zuR,mct,16,1970-02-25T05:03:24,1970-01-01T15:39:00
80,5wz,kRD,DWo,18,1970-02-26T19:44:57,1970-01-06T15:47:01
